Workbook

Sheet Sales Data
A1: Order ID | B1: Salesperson | C1: Region | D1: Product | E1: Quantity | F1: Unite Price | G1: Total Sales | H1: Status | I1: Performance | J1: Sales Info (Using Concatenate) | K1: Text_split
A2: ORD-1001 | B2: John Smith | C2: North | D2: Laptop | E2: 5 | F2: =VLOOKUP(D2,'Product Price List'!A1:B16,2,0) -> 850 | G2: =E2*F2 -> 4250 | H2: =IF(G2>=1500,"High Sale","Low Sale") -> High Sale | I2: =IF(AND(E2>=10,G2>=1500),"Excellent",IF(OR(E2>=10,G2>=1500),"Good","Average")) -> Good | J2: =_xlfn.CONCAT(B2,"-",D2,"-",C2) -> John Smith-Laptop-North | K2: {=_xlfn.TEXTSPLIT('Sales Data'!J2,"-")} -> John Smith | L2: Laptop | M2: North
A3: ORD-1002 | B3: Sarah Ahmed | C3: South | D3: Printer | E3: 3 | F3: =VLOOKUP(D3,'Product Price List'!A2:B17,2,0) -> 220 | G3: =E3*F3 -> 660 | H3: =IF(G3>=1500,"High Sale","Low Sale") -> Low Sale | I3: =IF(AND(E3>=10,G3>=1500),"Excellent",IF(OR(E3>=10,G3>=1500),"Good","Average")) -> Average | J3: =_xlfn.CONCAT(B3,"-",D3,"-",C3) -> Sarah Ahmed-Printer-South | K3: {=_xlfn.TEXTSPLIT('Sales Data'!J3,"-")} -> Sarah Ahmed | L3: Printer | M3: South
A4: ORD-1003 | B4: Michael Lee | C4: East | D4: Monitor | E4: 7 | F4: =VLOOKUP(D4,'Product Price List'!A3:B18,2,0) -> 180 | G4: =E4*F4 -> 1260 | H4: =IF(G4>=1500,"High Sale","Low Sale") -> Low Sale | I4: =IF(AND(E4>=10,G4>=1500),"Excellent",IF(OR(E4>=10,G4>=1500),"Good","Average")) -> Average | J4: =_xlfn.CONCAT(B4,"-",D4,"-",C4) -> Michael Lee-Monitor-East | K4: {=_xlfn.TEXTSPLIT('Sales Data'!J4,"-")} -> Michael Lee | L4: Monitor | M4: East
A5: ORD-1004 | B5: Emily Davis | C5: West | D5: Keyboard | E5: 15 | F5: =VLOOKUP(D5,'Product Price List'!A4:B19,2,0) -> 25 | G5: =E5*F5 -> 375 | H5: =IF(G5>=1500,"High Sale","Low Sale") -> Low Sale | I5: =IF(AND(E5>=10,G5>=1500),"Excellent",IF(OR(E5>=10,G5>=1500),"Good","Average")) -> Good | J5: =_xlfn.CONCAT(B5,"-",D5,"-",C5) -> Emily Davis-Keyboard-West | K5: {=_xlfn.TEXTSPLIT('Sales Data'!J5,"-")} -> Emily Davis | L5: Keyboard | M5: West
A6: ORD-1005 | B6: David Brown | C6: Central | D6: Mouse | E6: 20 | F6: =VLOOKUP(D6,'Product Price List'!A5:B20,2,0) -> 18 | G6: =E6*F6 -> 360 | H6: =IF(G6>=1500,"High Sale","Low Sale") -> Low Sale | I6: =IF(AND(E6>=10,G6>=1500),"Excellent",IF(OR(E6>=10,G6>=1500),"Good","Average")) -> Good | J6: =_xlfn.CONCAT(B6,"-",D6,"-",C6) -> David Brown-Mouse-Central | K6: {=_xlfn.TEXTSPLIT('Sales Data'!J6,"-")} -> David Brown | L6: Mouse | M6: Central
A7: ORD-1006 | B7: Olivia Wilson | C7: North | D7: Tablet | E7: 4 | F7: =VLOOKUP(D7,'Product Price List'!A6:B21,2,0) -> 420 | G7: =E7*F7 -> 1680 | H7: =IF(G7>=1500,"High Sale","Low Sale") -> High Sale | I7: =IF(AND(E7>=10,G7>=1500),"Excellent",IF(OR(E7>=10,G7>=1500),"Good","Average")) -> Good | J7: =_xlfn.CONCAT(B7,"-",D7,"-",C7) -> Olivia Wilson-Tablet-North | K7: {=_xlfn.TEXTSPLIT('Sales Data'!J7,"-")} -> Olivia Wilson | L7: Tablet | M7: North
A8: ORD-1007 | B8: Daniel Kim | C8: South | D8: Smartphone | E8: 6 | F8: =VLOOKUP(D8,'Product Price List'!A7:B22,2,0) -> 650 | G8: =E8*F8 -> 3900 | H8: =IF(G8>=1500,"High Sale","Low Sale") -> High Sale | I8: =IF(AND(E8>=10,G8>=1500),"Excellent",IF(OR(E8>=10,G8>=1500),"Good","Average")) -> Good | J8: =_xlfn.CONCAT(B8,"-",D8,"-",C8) -> Daniel Kim-Smartphone-South | K8: {=_xlfn.TEXTSPLIT('Sales Data'!J8,"-")} -> Daniel Kim | L8: Smartphone | M8: South
A9: ORD-1008 | B9: Sophia Martinez | C9: East | D9: Headphones | E9: 10 | F9: =VLOOKUP(D9,'Product Price List'!A8:B23,2,0) -> 75 | G9: =E9*F9 -> 750 | H9: =IF(G9>=1500,"High Sale","Low Sale") -> Low Sale | I9: =IF(AND(E9>=10,G9>=1500),"Excellent",IF(OR(E9>=10,G9>=1500),"Good","Average")) -> Good | J9: =_xlfn.CONCAT(B9,"-",D9,"-",C9) -> Sophia Martinez-Headphones-East | K9: {=_xlfn.TEXTSPLIT('Sales Data'!J9,"-")} -> Sophia Martinez | L9: Headphones | M9: East
A10: ORD-1009 | B10: James Taylor | C10: West | D10: Webcam | E10: 8 | F10: =VLOOKUP(D10,'Product Price List'!A9:B24,2,0) -> 55 | G10: =E10*F10 -> 440 | H10: =IF(G10>=1500,"High Sale","Low Sale") -> Low Sale | I10: =IF(AND(E10>=10,G10>=1500),"Excellent",IF(OR(E10>=10,G10>=1500),"Good","Average")) -> Average | J10: =_xlfn.CONCAT(B10,"-",D10,"-",C10) -> James Taylor-Webcam-West | K10: {=_xlfn.TEXTSPLIT('Sales Data'!J10,"-")} -> James Taylor | L10: Webcam | M10: West
A11: ORD-1010 | B11: Isabella Thomas | C11: Central | D11: Router | E11: 5 | F11: =VLOOKUP(D11,'Product Price List'!A10:B25,2,0) -> 95 | G11: =E11*F11 -> 475 | H11: =IF(G11>=1500,"High Sale","Low Sale") -> Low Sale | I11: =IF(AND(E11>=10,G11>=1500),"Excellent",IF(OR(E11>=10,G11>=1500),"Good","Average")) -> Average | J11: =_xlfn.CONCAT(B11,"-",D11,"-",C11) -> Isabella Thomas-Router-Central | K11: {=_xlfn.TEXTSPLIT('Sales Data'!J11,"-")} -> Isabella Thomas | L11: Router | M11: Central
A12: ORD-1011 | B12: William Clark | C12: North | D12: SSD Drive | E12: 12 | F12: =VLOOKUP(D12,'Product Price List'!A11:B26,2,0) -> 110 | G12: =E12*F12 -> 1320 | H12: =IF(G12>=1500,"High Sale","Low Sale") -> Low Sale | I12: =IF(AND(E12>=10,G12>=1500),"Excellent",IF(OR(E12>=10,G12>=1500),"Good","Average")) -> Good | J12: =_xlfn.CONCAT(B12,"-",D12,"-",C12) -> William Clark-SSD Drive-North | K12: {=_xlfn.TEXTSPLIT('Sales Data'!J12,"-")} -> William Clark | L12: SSD Drive | M12: North
A13: ORD-1012 | B13: Mia Johnson | C13: South | D13: Office Chair | E13: 2 | F13: =VLOOKUP(D13,'Product Price List'!A12:B27,2,0) -> 280 | G13: =E13*F13 -> 560 | H13: =IF(G13>=1500,"High Sale","Low Sale") -> Low Sale | I13: =IF(AND(E13>=10,G13>=1500),"Excellent",IF(OR(E13>=10,G13>=1500),"Good","Average")) -> Average | J13: =_xlfn.CONCAT(B13,"-",D13,"-",C13) -> Mia Johnson-Office Chair-South | K13: {=_xlfn.TEXTSPLIT('Sales Data'!J13,"-")} -> Mia Johnson | L13: Office Chair | M13: South
... A16: ORD-1015 | B16: Ethan Walker | C16: Central | D16: Desk Lamp | E16: 14 | F16: =VLOOKUP(D16,'Product Price List'!A15:B30,2,0) -> 35 | G16: =E16*F16 -> 490 | H16: =IF(G16>=1500,"High Sale","Low Sale") -> Low Sale | I16: =IF(AND(E16>=10,G16>=1500),"Excellent",IF(OR(E16>=10,G16>=1500),"Good","Average")) -> Good | J16: =_xlfn.CONCAT(B16,"-",D16,"-",C16) -> Ethan Walker-Desk Lamp-Central | K16: {=_xlfn.TEXTSPLIT('Sales Data'!J16,"-")} -> Ethan Walker | L16: Desk Lamp | M16: Central
D19: Total Sales for Laptop | E19: =SUMIF(D2:D16,"Laptop",G2:G16) -> 4250
D20: Total Orders in North Region | E20: =COUNTIF(C2:C16,"North") -> 3
D21: Smartphone Sales in South | E21: =SUMIFS(G2:G16,D2:D16,"Smartphone",C2:C16,"South") -> 3900
D22: East Region Sales above 1000 | E22: =COUNTIFS(C2:C16,"East",G2:G16,">1000") -> 1
D24: Average Total Sales of Tablet | E24: =AVERAGEIF(D2:D16,"Tablet",G2:G16) -> 1680
D25: North Region Quantity greater than 2 | E25: =AVERAGEIFS(G2:G16,C2:C16,"North",E2:E16,">2") -> 2416.6667

Sheet High Value Sales
A1: Order ID | B1: Salesperson | C1: Region | D1: Product | E1: Quantity | F1: Unite Price | G1: Total Sales | H1: Status | I1: Performance
A2: ORD-1001 | B2: John Smith | C2: North | D2: Laptop | E2: 5 | F2: 850 | G2: 4250 | H2: High Sale | I2: Good
A3: ORD-1007 | B3: Daniel Kim | C3: South | D3: Smartphone | E3: 6 | F3: 650 | G3: 3900 | H3: High Sale | I3: Good

Sheet Product Price List
A1: Product | B1: Standard Price
A2: Laptop | B2: 850
A3: Printer | B3: 220
A4: Monitor | B4: 180
A5: Keyboard | B5: 25
A6: Mouse | B6: 18
A7: Tablet | B7: 420
A8: Smartphone | B8: 650
A9: Headphones | B9: 75
A10: Webcam | B10: 55
A11: Router | B11: 95
A12: SSD Drive | B12: 110
A13: Office Chair | B13: 280
... A16: Desk Lamp | B16: 35

Sheet Summary
A1: Summary
A2: Row Labels | B2: Sum of Total Sales
A3: Central | B3: 1325
A4: East | B4: 2960
A5: North | B5: 7250
A6: South | B6: 5120
A7: West | B7: 1985
A8: Grand Total | B8: 18640
